{
  "first_10": {
    "mean": 0.01849868843803959,
    "std": 0.223693241233084,
    "count": 12,
    "percentiles": {
      "95": 0.4344136630352444,
      "99": 0.5663750636122525
    }
  },
  "middle_80": {
    "mean": -0.08670044389830843,
    "std": 0.19391800724929056,
    "count": 92,
    "percentiles": {
      "95": 0.1029286019546964,
      "99": 0.6376738053419004
    }
  },
  "last_10": {
    "mean": -0.20861668841080072,
    "std": 0.37651372557104734,
    "count": 12,
    "percentiles": {
      "95": 0.03689557851138083,
      "99": 0.036959821491826333
    }
  }
}